1,"NYU Apparel Card","/images/product_1.jpg",95,"Use this card to buy NYU Clothing!"
2,"Tandon Food Court Card","/images/product_2.jpg",30,"Use this card to buy food at the Tandon Food Court!"
3,"Graduation Robe Card","/images/product_3.jpg",199,"Why worry about this later? Buy this card to make graduation easier!"
4,"Semester's Book Card","/images/product_5.jpg",777,"So much to read, so little time. Buy this to make payment at the book store quicker and easier!"
5,"NYU Electronics Card","/images/product_6.jpg",500,"Need a new laptop? No problem! This card can be used to buy electronics at the NYU Bookstore."
6,"Tuition Card","/images/product_7.jpg",1999,"Need to pay for those credits? Pick up this card to make the process easier!"
7,"NYU Gym Card","/images/product_8.jpg",450,"Want summer gym access for your entire degree? This card should cover it!"
